{"cameraMode":{"drawMode":0,"name":"Shaded","section":"Shading Mode"},"sceneLighting":true,"audioPlay":false,"sceneViewState":{"showFog":true,"showMaterialUpdate":false,"showSkybox":true,"showFlares":true,"showImageEffects":true,"showParticleSystems":true},"in2DMode":false,"pivot":{"x":338.3945007324219,"y":62.95273971557617,"z":-906.862060546875},"rotation":{"x":0.16338180005550385,"y":0.16548366844654084,"z":-0.02781033329665661,"w":0.972187340259552},"size":2.694100856781006,"orthographic":true}