{"cameraMode":{"drawMode":0,"name":"Shaded","section":"Shading Mode"},"sceneLighting":true,"audioPlay":false,"sceneViewState":{"showFog":true,"showMaterialUpdate":false,"showSkybox":true,"showFlares":true,"showImageEffects":true,"showParticleSystems":true},"in2DMode":false,"pivot":{"x":242.32952880859376,"y":66.17117309570313,"z":29.065185546875},"rotation":{"x":-0.0755268856883049,"y":0.00897418987005949,"z":0.0006798147805966437,"w":0.997103214263916},"size":165.46548461914063,"orthographic":false}