{"cameraMode":{"drawMode":0,"name":"Shaded","section":"Shading Mode"},"sceneLighting":true,"audioPlay":false,"sceneViewState":{"showFog":true,"showMaterialUpdate":false,"showSkybox":true,"showFlares":true,"showImageEffects":true,"showParticleSystems":true},"in2DMode":false,"pivot":{"x":-13.674175262451172,"y":0.9339643716812134,"z":11.201491355895996},"rotation":{"x":0.03247027471661568,"y":-0.6914019584655762,"z":0.031134044751524926,"w":0.7210685610771179},"size":55.265777587890628,"orthographic":true}