{"cameraMode":{"drawMode":0,"name":"Shaded","section":"Shading Mode"},"sceneLighting":true,"audioPlay":false,"sceneViewState":{"showFog":true,"showMaterialUpdate":false,"showSkybox":true,"showFlares":true,"showImageEffects":true,"showParticleSystems":true},"in2DMode":false,"pivot":{"x":335.6091613769531,"y":62.083003997802737,"z":-907.1287231445313},"rotation":{"x":-0.11577937006950379,"y":0.4446449279785156,"z":-0.05808556452393532,"w":-0.8862912654876709},"size":5.221763610839844,"orthographic":true}