{"cameraMode":{"drawMode":0,"name":"Shaded","section":"Shading Mode"},"sceneLighting":true,"audioPlay":false,"sceneViewState":{"showFog":true,"showMaterialUpdate":false,"showSkybox":true,"showFlares":true,"showImageEffects":true,"showParticleSystems":true},"in2DMode":false,"pivot":{"x":359.8095703125,"y":66.33251953125,"z":-906.9912109375},"rotation":{"x":0.16338180005550385,"y":0.16548366844654084,"z":-0.02781033329665661,"w":0.972187340259552},"size":192.21896362304688,"orthographic":true}