{"cameraMode":{"drawMode":0,"name":"Shaded","section":"Shading Mode"},"sceneLighting":true,"audioPlay":false,"sceneViewState":{"showFog":true,"showMaterialUpdate":false,"showSkybox":true,"showFlares":true,"showImageEffects":true,"showParticleSystems":true},"in2DMode":false,"pivot":{"x":338.3945007324219,"y":62.95273971557617,"z":-906.862060546875},"rotation":{"x":0.2151612639427185,"y":-0.1351451724767685,"z":0.030079353600740434,"w":0.9667144417762756},"size":18.150707244873048,"orthographic":true}